Zone,Group,CardCode,CardName,Payment Terms,CreditLine,Total Balance,Total Invoice,SALE,Recovery,Open Invoice
Center I,Dealer,C001464,10-Trading,45 Days,610000.000000,159880.200000,11.0,592579.400000,432699.200000,159880.200000
Center I,Dealer,C001439,BF biosciences -lhr,45 Days,500000.000000,0.000000,,,,
Center I,Dealer,C001488,Chemwest Traders & Medical supplies-lhr,Cash,0.000000,0.000000,,,,
Center I,Dealer,C001225,DARSON TRADERS-lhr,45 Days,180000.000000,0.000000,1.0,163135.000000,163135.000000,0.000000
Center I,Dealer,C001765,Diazone -lhr,45 Days,500000.000000,0.000000,2.0,464035.000000,464035.000000,0.000000
Center I,Dealer,C000982,Genome Marketing Services-Lahore,45 Days,4900000.000000,963789.160000,14.0,1852745.520000,888956.360000,963789.160000
Center I,Dealer,C001412,Hoora Pharma -khi,45 Days,1500000.000000,1326200.002000,10.0,2971400.002000,1645200.000000,1326200.002000
Center I,Dealer,C001666,Ibrahim enterprises-lhr,Cash,300000.000000,112215.920000,,,,
Center I,Dealer,C001354,Khawaja muhammad Safdar Medical college-SLT,45 Days,2900000.000000,650000.000000,1.0,200000.000000,0.000000,200000.000000
Center I,Dealer,C000921,Mediurge (Private) Limited -lhr,Cash,0.000000,1470000.000000,,,,
Center I,Dealer,C000299,Moderate System Technologies - Lahore,45 Days,243147.000000,472000.000000,2.0,872000.000000,400000.000000,472000.000000
Center I,Dealer,C001584,Muhammad Zahid Tahir-lhr,45 Days,1350000.000000,106554.000000,4.0,222654.000000,116100.000000,106554.000000
Center I,Dealer,C001601,Scientific Technical Corporation(Pvt) LTD-lhr,45 Days,8000000.000000,95639.000000,1.0,95639.000000,0.000000,95639.000000
Center I,Institutions,C001276,Allied Hospital-FSB,90 Days,400000.000000,0.000000,,,,
Center I,Institutions,C000052,CEMB - Lahore,90 Days,500000.000000,0.000000,,,,
Center I,Institutions,C000055,Children Hospital-Lahore,90 Days,25000000.000000,18187961.833000,6.0,14519687.844000,0.000000,14519687.844000
Center I,Institutions,C000272,CMH - Gujranwala,90 Days,3200000.000000,259308.894000,3.0,1795709.878000,1536400.984000,259308.894000
Center I,Institutions,C000383,CMH - Kharian,90 Days,10000000.000000,1915270.990000,5.0,12704062.238000,10234276.898000,2469785.340000
Center I,Institutions,C000062,CMH - Lahore,90 Days,150000000.000000,0.000000,3.0,32068266.002000,32068266.002000,0.000000
Center I,Institutions,C000352,CMH - Okara,90 Days,11000000.000000,696436.000000,5.0,6023719.000000,5327283.000000,696436.000000
Center I,Institutions,C000065,CMH - Sargodha,90 Days,3000000.000000,0.000000,2.0,1526609.000000,1526609.000000,0.000000
Center I,Institutions,C000066,CMH - Sialkot,90 Days,10000000.000000,152220.000000,8.0,8477969.996000,8325749.996000,152220.000000
Center I,Institutions,C000449,DG Health Punjab,90 Days,300100000.000000,0.000000,,,,
Center I,Institutions,C001721,Drug Testing Lab - Faisalabad,90 Days,0.000000,0.000000,,,,
Center I,Institutions,C000697,Faisalabad Institute of Cardiology,90 Days,5000000.000000,0.000000,,,,
Center I,Institutions,C000091,Fatima Jinnah Medical College-LHR,90 Days,2500000.000000,0.000000,,,,
Center I,Institutions,C000106,Government Teaching Hospital - Shahdara Lahore,90 Days,6100000.000000,6090000.000000,,,,
Center I,Institutions,C001476,Gulab Devi Hospital-lhr,90 Days,800000.000000,456552.000000,1.0,377180.000000,0.000000,377180.000000
Center I,Institutions,C000663,Infrastructure Development Authority Punjab(IDAP),90 Days,7000000.000000,0.000000,,,,
Center I,Institutions,C001112,Ittefaq hospital  - Lahore,90 Days,1000000.000000,629530.000000,3.0,1320752.000000,691222.000000,629530.000000
Center I,Institutions,C000130,Jinnah Hospital - Lahore,90 Days,80000000.000000,5940715.004000,,,,
Center I,Institutions,C000645,Lahore General Hospital,90 Days,12000000.000000,6569984.000000,1.0,1887410.000000,0.000000,1887410.000000
Center I,Institutions,C001285,Liver Center - Civil Hospital-FSD,90 Days,1050000.000000,0.000000,,,,
Center I,Institutions,C000627,Mayo Hospital,90 Days,10000000.000000,0.000000,,,,
Center I,Institutions,C000171,Nawaz Shareef Hospital - LHR,90 Days,1000000.000000,0.000000,,,,
Center I,Institutions,C001207,PAF Base Mushaf - Sargodha,90 Days,0.000000,0.000000,,,,
Center I,Institutions,C000751,Pakistan Kidney and Liver Institute and Research Center,90 Days,30000000.000000,17547254.049000,69.0,28666595.999000,14286342.000000,14380253.999000
Center I,Institutions,C000194,PIU Forensic Sciences Agency - Lahore,90 Days,17000000.000000,955800.000000,1.0,955800.000000,0.000000,955800.000000
Center I,Institutions,C000433,Post Graduate Medical Inst,90 Days,0.000000,546000.000000,,,,
Center I,Institutions,C000508,Primary & Secondary Healthcare Department,90 Days,0.000000,0.000000,,,,
Center I,Institutions,C001771,Punjab AIDS Control Programme,90 Days,0.000000,0.000000,,,,
Center I,Institutions,C000952,Punjab Institute of Cardiology,90 Days,3500000.000000,4205999.000000,4.0,3398879.000000,0.000000,3398879.000000
Center I,Institutions,C000723,Punjab Institute of Mental Health,90 Days,1000000.000000,866049.995000,3.0,866049.995000,0.000000,866049.995000
Center I,Institutions,C001516,Punjab thalaasemia and other genetic disorders prevention and research institute (PTGD),90 Days,13000000.000000,186238.000000,1.0,6104400.000000,5918162.000000,186238.000000
Center I,Institutions,C000202,Punjab Thalassaemia Prevention Prog - Lhr,90 Days,5000000.000000,0.000000,,,,
Center I,Institutions,C000664,Qazi Hussain Ahmed Medical Complex,90 Days,98641.000000,0.000000,,,,
Center I,Institutions,C001621,RAHNUMA(Family Planning Assiciation of pakistan-lhr,90 Days,4000000.000000,0.000000,,,,
Center I,Institutions,C000801,Sahiwal Medical College -Sahiwal,90 Days,1100000.000000,0.000000,,,,
Center I,Institutions,C000217,Services Hospital (SIMS) - Lahore,90 Days,2500000.000000,0.000000,,,,
Center I,Institutions,C000306,Shareef Medical & Dental College - Lhr,90 Days,2000000.000000,60000.000000,,,,
Center I,Institutions,C000222,Sheikh Zayyed Hospital - Lahore,90 Days,2500000.000000,114999.000000,,,,
Center I,Institutions,C001345,University of engineering and Technollogy-lhr,90 Days,17000000.000000,0.000000,,,,
Center I,Institutions,C000251,University of Faisalabad - Fsd,90 Days,500000.000000,932200.000000,2.0,932200.000000,0.000000,932200.000000
Center I,Institutions,C000252,University of Health Sciences Lahore,90 Days,9000000.000000,236000.000000,1.0,236000.000000,0.000000,236000.000000
Center I,Institutions,C001434,University of Lahore,90 Days,250000.000000,147641.000000,1.0,44200.000000,0.000000,44200.000000
Center I,Institutions,C000676,University of Veterinary & Animal Sciences,90 Days,8000000.000000,4821074.150000,1.0,759920.000000,0.000000,759920.000000
Center I,Private,C001678,Aiwen Cultural Education company (private) Limited,45 Days,1100000.000000,150000.000000,,,,
Center I,Private,C000011,Alam international  lab - Lahore,45 Days,531732.000000,272911.000000,,,,
Center I,Private,C001304,Alkhidmat Foundation Pakistan -lhr,45 Days,6000000.000000,0.000000,,,,
Center I,Private,C001689,Al-Razi Health Care Hospital-lhr,Cash,0.000000,394111.000000,,,,
Center I,Private,C001590,Al-Shifa lab-Kasur,45 Days,300000.000000,-4490.000000,,,,
Center I,Private,C000344,Avicenna Medical College - Lahore,45 Days,200000.000000,0.000000,,,,
Center I,Private,C001232,Ayesha General Hospital-Fsd,45 Days,350000.000000,0.000000,,,,
Center I,Private,C000366,Aziz Fatima Medical & Dental College,45 Days,150000.000000,0.000000,,,,
Center I,Private,C001380,Aziz fatima Trust hospital,45 Days,1000000.000000,109200.000000,10.0,647350.000000,423500.000000,223850.000000
Center I,Private,C001140,Bahria International Hospital-Lahore,45 Days,750000.000000,983584.800000,10.0,2334338.800000,1311684.400000,1022654.400000
Center I,Private,C000884,Biopath lab-Okara,45 Days,525000.000000,88700.400000,17.0,1576520.400000,1487820.000000,88700.400000
Center I,Private,C000267,Cavalry Hospital Lahore,45 Days,80000.000000,0.000000,,,,
Center I,Private,C001436,CCL Pharma-lhr,45 Days,500000.000000,0.000000,,,,
Center I,Private,C000269,Chughtai Lab - Lahore,45 Days,422000000.000000,64033165.510000,277.0,203012643.595000,144150571.789000,58862071.806000
Center I,Private,C001373,Clinlab-lhr,45 Days,750000.000000,288910.000000,,,,
Center I,Private,C001505,Counter Sales Center,45 Days,200000.000000,89550.000000,1.0,106000.000000,106000.000000,0.000000
Center I,Private,C001489,Crest Daignostics(Pvt) LTD -kharian,45 Days,500000.000000,0.000000,,,,
Center I,Private,C001387,CRG International -lhr,Cash,400000.000000,0.000000,,,,
Center I,Private,C000987,Curexa Health (Pvt) Limited-lhr,45 Days,300000.000000,0.000000,,,,
Center I,Private,C000367,Doctors  Hospital - Lahore,45 Days,2200000.000000,843588.642000,29.0,5983397.643000,5063367.324000,920030.319000
Center I,Private,C001295,Dr Farhan Rasheed,45 Days,5200000.000000,7250045.800000,16.0,4421085.800000,0.000000,4421085.800000
Center I,Private,C001443,Dr Muhammad Waqas shafiq,45 Days,600000.000000,356359.000000,,,,
Center I,Private,C000907,Faisal hospital and Cardiac center lab -Fsd,45 Days,150000.000000,0.000000,,,,
Center I,Private,C000738,Fatima Memorial Hospital - Lahore,45 Days,4200000.000000,3756972.199000,50.0,10622534.000000,8060234.000000,2562300.000000
Center I,Private,C000288,Genome Lab - Lahore,45 Days,15000000.000000,5553017.778000,35.0,7932086.978000,2379069.200000,5553017.778000
Center I,Private,C001460,GENOMED Laboratories & Research center,45 Days,1000000.000000,0.000000,,,,
Center I,Private,C001623,Ghurki Trust Teaching hospital-lhr,90 Days,700000.000000,0.000000,,,,
Center I,Private,C000680,GMS office-lhr,Cash,0.000000,0.000000,,,,
Center I,Private,C000793,Hameed Latif Hospital Laboratories- Lahore,45 Days,2800000.000000,2739565.102000,26.0,5638362.094000,3862041.926000,1776320.168000
Center I,Private,C001438,Health Relief organization,90 Days,750000.000000,300000.600000,12.0,1886372.600000,1586372.000000,300000.600000
Center I,Private,C000291,Highnoon Laboratories (Pvt) Ltd,45 Days,200000.000000,151099.000000,4.0,308603.040000,157504.040000,151099.000000
Center I,Private,C001581,Histopathology Associates-lhr,45 Days,500000.000000,973990.000000,,,,
Center I,Private,C000108,Hormone Lab - Lahore,45 Days,1000000.000000,0.000000,,,,
Center I,Private,C001513,Infinity Healthcare(Private) Limited,45 Days,1250000.000000,1681500.000000,12.0,5169648.999000,3488148.999000,1681500.000000
Center I,Private,C000957,Innova labs & Diagnostics,45 Days,200000.000000,39480.000000,,,,
Center I,Private,C000123,Iqra Medical  Centre - Lahore,45 Days,200000.000000,0.000000,,,,
Center I,Private,C000758,K & N (Pvt) Ltd Lhr,45 Days,3000000.000000,420080.000000,3.0,738680.000000,318600.000000,420080.000000
Center I,Private,C001400,Khalil Diagnostic Lab -Narowal,45 Days,1550000.000000,0.000000,,,,
Center I,Private,C000136,Khan Lab - Sargodha,45 Days,600000.000000,542419.500000,15.0,1800819.500000,1258400.000000,542419.500000
Center I,Private,C001515,Lahore University of Management Sciences,90 Days,8500000.000000,0.000000,1.0,7170800.000000,7170800.000000,0.000000
Center I,Private,C001649,Madina Foundation -lhr,45 Days,14000000.000000,0.000000,,,,
Center I,Private,C000764,Madinah Foundation,Cash,0.000000,-60000.000000,,,,
Center I,Private,C001536,Medi Laser-lahore,45 Days,300000.000000,0.000000,,,,
Center I,Private,C001358,Meezan lab-FSB,45 Days,150000.000000,0.000000,,,,
Center I,Private,C000158,Mian Muhammad Trust Hospital - Faisalabad,45 Days,500000.000000,0.000000,,,,
Center I,Private,C001146,Minhaj Diagnostics - Lahore,45 Days,1500000.000000,2920500.000000,6.0,3935500.000000,1015000.000000,2920500.000000
Center I,Private,C001273,Mughal Diagnostic & Research labs,45 Days,3400000.000000,1882504.509000,20.0,5194946.496000,2669840.896000,2525105.600000
Center I,Private,C001773,National Hospital-FSD,45 Days,200000.000000,0.000000,2.0,50700.000000,50700.000000,0.000000
Center I,Private,C000174,Nestle Pakistan Ltd. LHR,45 Days,9000000.000000,620316.500000,,,,
Center I,Private,C000175,Niazi Medical Complex-Sargodha,45 Days,525000.000000,0.000000,,,,
Center I,Private,C000938,Novartis Pharma(pakistan) LTD,45 Days,655000.000000,0.000000,,,,
Center I,Private,C001216,Nutrico Morinaga - Sheikhpura,45 Days,100000.000000,157014.000000,,,,
Center I,Private,C001766,OBS Pharma (Private) Limited,45 Days,300000.000000,281583.400000,1.0,281583.400000,0.000000,281583.400000
Center I,Private,C000481,Olive Worldwide SMC-Pvt. Ltd. (WilCare),45 Days,1300000.000000,595000.000000,,,,
Center I,Private,C000185,Pak Medical Center-Sialkot,45 Days,14870000.000000,0.000000,,,,
Center I,Private,C000203,Qari Hospital - Okara,45 Days,1400000.000000,79447.300000,24.0,1290392.200000,1260325.000000,30067.200000
Center I,Private,C001779,Rahbar Medical & Dental College - Lahore,90 Days,0.000000,0.000000,,,,
Center I,Private,C001132,Sachal laborotory and Research center-lhr,45 Days,3900000.000000,0.000000,,,,
Center I,Private,C001390,Sapphire Finishing Mills,90 Days,0.000000,0.000000,,,,
Center I,Private,C001780,Selmore Pharmaceuticals Pvt Ltd - Lahore,90 Days,0.000000,0.000000,,,,
Center I,Private,C001134,Sundas Foundation Gujranwala,45 Days,300000.000000,145000.000000,,,,
Center I,Private,C001473,Test Zone Diagnostic Center,45 Days,2000000.000000,2900550.200000,15.0,6889746.200000,3989196.000000,2900550.200000
Center I,Private,C001458,The Medical laboratories Pvt Ltd,45 Days,600000.000000,23600.000000,1.0,23600.000000,0.000000,23600.000000
Center I,Private,C000975,Vock Foundation -Lhr,45 Days,200000.000000,0.000000,,,,
Center II,Dealer,C000484,Al-Bar Trader- Equipment,45 Days,5000000.000000,7011367.610000,,,,
Center II,Dealer,C000012,Al-Bar Traders-Multan,45 Days,2000000.000000,444112.000000,,,,
Center II,Dealer,C001611,Lab Point -Multan,45 Days,200000.000000,40143.600000,1.0,40143.600000,0.000000,40143.600000
Center II,Institutions,C000958,CH.Pervaiz Elahi Institute of Cardiology-Multan,90 Days,8500000.000000,495999.888000,4.0,495999.888000,0.000000,495999.888000
Center II,Institutions,C000669,Children Hospital - Multan,90 Days,5000000.000000,2144558.000000,3.0,2700300.000000,555742.000000,2144558.000000
Center II,Institutions,C001325,CMH - Bahawalnagar,90 Days,0.000000,0.000000,,,,
Center II,Institutions,C000271,CMH - Bahawalpur,90 Days,5500000.000000,1019817.573000,2.0,3641532.000000,3641532.000000,0.000000
Center II,Institutions,C000274,CMH - Multan,90 Days,100000000.000000,0.000000,3.0,22488869.999000,22488869.999000,0.000000
Center II,Institutions,C001751,CMH - Rahimyar Khan,90 Days,1000000.000000,59420.000000,2.0,142545.000000,83125.000000,59420.000000
Center II,Institutions,C001683,DHQ Hospital - Layyah,90 Days,0.000000,0.000000,,,,
Center II,Institutions,C001783,DHQ Hospital - Lodhran,90 Days,0.000000,0.000000,,,,
Center II,Institutions,C000127,DHQ Hospital - Multan,90 Days,5000000.000000,3567600.002000,2.0,1497600.002000,0.000000,1497600.002000
Center II,Institutions,C001645,DHQ Hospital-DG  khan,90 Days,5000000.000000,888000.000000,1.0,888000.000000,0.000000,888000.000000
Center II,Institutions,C001731,DHQ/Teaching Hospital-D.G khan,90 Days,8000000.000000,14290060.000000,7.0,14290060.000000,0.000000,14290060.000000
Center II,Institutions,C001133,Nishtar Hospital-Multan,90 Days,23000000.000000,22546113.999000,3.0,8953043.999000,0.000000,8953043.999000
Center II,Institutions,C000179,Nishter Medical College Multan,90 Days,12000000.000000,0.000000,4.0,6852936.000000,6852936.000000,0.000000
Center II,Institutions,C001775,Office of the Medical Superintendent SFMKB Institute of Cardiology - DG Khan,90 Days,10000000.000000,1006000.000000,1.0,1006000.000000,0.000000,1006000.000000
Center II,Institutions,C001533,Pakistan Atomic Energy Commision Hospitaal-D.G khan,90 Days,1000000.000000,2425.000000,2.0,880375.000000,877950.000000,2425.000000
Center II,Institutions,C001529,Punjab Social Security Health Management company Hospital,90 Days,2000000.000000,0.000000,,,,
Center II,Institutions,C000205,Quaid-e-azam Medical College.Bahawalpure,90 Days,30000000.000000,9946030.000000,10.0,5248300.000000,0.000000,5248300.000000
Center II,Institutions,C001754,RECP Tayyip Erdogan Hospital ? Indus Hospital - Muzaffergarh,90 Days,0.000000,0.000000,,,,
Center II,Institutions,C001710,Sardar Fateh Muhammad Khan Buzdar Institute of Cardiology - DG Khan,90 Days,0.000000,0.000000,,,,
Center II,Institutions,C000223,Sheikh Zayyed Hospital - Rahimyar khan,90 Days,20000000.000000,2896037.972000,4.0,3783599.972000,887562.000000,2896037.972000
Center II,Institutions,C000504,The Children Hospital & the institute of Child Health Multan,90 Days,1200000.000000,1538000.000000,1.0,594000.000000,0.000000,594000.000000
Center II,Institutions,C000930,The Indus Hospital MIKD Campus-Multan,90 Days,3800000.000000,1295000.000000,3.0,3304000.000000,2009000.000000,1295000.000000
Center II,Institutions,C000247,THQ - Shujabad,90 Days,11000000.000000,1043200.000000,,,,
Center II,Private,C001615,Al khidmat  foundation -Kot Addu,45 Days,1400000.000000,644916.000000,17.0,1402350.000000,757434.000000,644916.000000
Center II,Private,C001660,Al khidmat Health Foundation -Multan,Cash,500000.000000,200289.000000,5.0,293040.000000,92751.000000,200289.000000
Center II,Private,C001702,Al Khidmat lab Lodhran,30 Days,3000000.000000,50660.000000,8.0,2774260.000000,2723600.000000,50660.000000
Center II,Private,C001711,Al Shifa Poly Clinic,30 Days,300000.000000,0.000000,4.0,188100.000000,188100.000000,0.000000
Center II,Private,C001600,Al-Hadi Pathalogy lab-Bhakkar,45 Days,100000.000000,0.000000,7.0,321750.000000,321750.000000,0.000000
Center II,Private,C001552,AL-Hamd lab.DG khan,45 Days,200000.000000,0.000000,5.0,252528.000000,252528.000000,0.000000
Center II,Private,C000008,AL-Khidmat Foundation - Multan,30 Days,5000000.000000,4334997.550000,55.0,12646990.000000,8311992.450000,4334997.550000
Center II,Private,C001549,Al-khidmat lab -Bahawalpure,30 Days,2000000.000000,709345.000000,22.0,2921625.000000,2212280.000000,709345.000000
Center II,Private,C000020,Alpha Lab - Multan,15 Days,300000.000000,0.000000,2.0,197250.000000,197250.000000,0.000000
Center II,Private,C001565,Al-Raheem lab-Bahawalpure,30 Days,500000.000000,697813.000000,7.0,465248.000000,354625.000000,110623.000000
Center II,Private,C001738,As Siraat Serving Humanity -Bahawalpur,45 Days,2500000.000000,173436.000000,10.0,2635855.000000,2462419.000000,173436.000000
Center II,Private,C000035,Bakhtawar Ameen Memorial - Multan,45 Days,470000.000000,470660.000000,,,,
Center II,Private,C001542,BUCH INTERNATIONAL HOSPITAL (PVT) LTD.,90 Days,4700000.000000,1905789.400000,24.0,8638421.400000,6732632.000000,1905789.400000
Center II,Private,C001616,City Clinical Lab-Taunsa Sharif,45 Days,500000.000000,330360.000000,3.0,129120.000000,0.000000,129120.000000
Center II,Private,C001733,City Hospital Multan,45 Days,520000.000000,62610.000000,11.0,1622220.000000,1559610.000000,62610.000000
Center II,Private,C001583,City lab-Sargodha,45 Days,200000.000000,9369.200000,6.0,572914.200000,563545.000000,9369.200000
Center II,Private,C001712,Doctor Lab Vehari,45 Days,1100000.000000,791292.800000,9.0,373172.800000,0.000000,373172.800000
Center II,Private,C001557,Dr Asma Shoukat lab-BWH,45 Days,250000.000000,33187.500000,6.0,211012.500000,177825.000000,33187.500000
Center II,Private,C001548,DR Imran Nazir Clinic-Multan,30 Days,150000.000000,64428.000000,3.0,282828.000000,218400.000000,64428.000000
Center II,Private,C001554,Dr wasima Tallat-Multan,30 Days,300000.000000,113114.999000,4.0,318359.999000,205245.000000,113114.999000
Center II,Private,C000978,Fatima Fertilizer Welfare Trust Hospital,45 Days,800000.000000,3036.000000,,,,
Center II,Private,C000101,Ghazi Clinical Labortory.D.G.Khan,45 Days,450000.000000,261302.800000,15.0,1329015.800000,1067713.000000,261302.800000
Center II,Private,C001630,Ghazi lab-Multan,45 Days,200000.000000,61075.000000,,,,
Center II,Private,C001703,Ghouri Diagnostic cente-Multan,45 Days,250000.000000,214900.000000,5.0,310000.000000,95100.000000,214900.000000
Center II,Private,C001564,Hamdard lab-Mandi Yasman,45 Days,360000.000000,351600.000000,,,,
Center II,Private,C001588,Hasnain Clinical lab-.DG khan,45 Days,150000.000000,22658.000000,1.0,62658.000000,40000.000000,22658.000000
Center II,Private,C001559,Ibn Siena Health & Education-Multan,30 Days,700000.000000,705040.000000,8.0,2247700.000000,1542660.000000,705040.000000
Center II,Private,C000479,I-MACCA Dignostic Center,45 Days,400000.000000,78400.000000,5.0,584400.000000,506000.000000,78400.000000
Center II,Private,C001764,Islamabad Clinical Lab,45 Days,360000.000000,0.000000,1.0,355000.000000,355000.000000,0.000000
Center II,Private,C001781,Kashaf Diagnostic Center-Bahawalpur,45 Days,500000.000000,591220.000000,4.0,791220.000000,200000.000000,591220.000000
Center II,Private,C001692,Kazi lab-Multan,30 Days,500000.000000,43583.000000,16.0,947553.000000,903970.000000,43583.000000
Center II,Private,C000337,Khan Lab - Multan,45 Days,2500000.000000,0.000000,,,,
Center II,Private,C001763,Life Diagnostic Center-Vehari,30 Days,300000.000000,259629.200000,11.0,880379.200000,620750.000000,259629.200000
Center II,Private,C001221,Life lab -Burewalla,30 Days,1000000.000000,428036.800000,30.0,6364916.800000,5936880.000000,428036.800000
Center II,Private,C001585,Mubarak Medical Complex-Sargodha,45 Days,610000.000000,470364.000000,13.0,1859805.000000,1389441.000000,470364.000000
Center II,Private,C001592,Muhammadi lab-Melsi,45 Days,100000.000000,0.000000,,,,
Center II,Private,C001250,Mukhtar A Sheikh Memorial Welfare Hospital-Multan,90 Days,6000000.000000,569500.000000,11.0,1857000.000000,1287500.000000,569500.000000
Center II,Private,C001594,Multan Clinical lab-Ali pur,45 Days,200000.000000,31486.000000,6.0,312786.000000,281300.000000,31486.000000
Center II,Private,C001551,Multi test lab-Multan,30 Days,300000.000000,0.000000,6.0,270154.500000,270154.500000,0.000000
Center II,Private,C000169,National PCR Lab - Multan,45 Days,120000.000000,0.000000,,,,
Center II,Private,C001553,Nayyab lab-Sadiqabad,45 Days,155000.000000,13120.600000,13.0,638713.600000,625593.000000,13120.600000
Center II,Private,C001558,Nishtar lab-Layyah,45 Days,300000.000000,0.000000,2.0,169800.000000,169800.000000,0.000000
Center II,Private,C001212,Pak Italian Burn center-Multan,90 Days,1700000.000000,448500.000000,,,,
Center II,Private,C001403,Patient Welfare Model Pharmacy Sheikh Zayed Hospital,45 Days,500000.000000,285013.760000,1.0,285013.760000,0.000000,285013.760000
Center II,Private,C001573,Poly lab -Multan,45 Days,150000.000000,14800.000000,,,,
Center II,Private,C001562,Qasim lab-Multan,30 Days,700000.000000,159829.200000,21.0,2184830.200000,2019256.000000,165574.200000
Center II,Private,C001607,Raza Lab-Multan,45 Days,150000.000000,38900.000000,,,,
Center II,Private,C001604,Real pcr lab -Multan,45 Days,250000.000000,117745.000000,6.0,606550.000000,488805.000000,117745.000000
Center II,Private,C001695,Reza Clinical lab-BHV,45 Days,1200000.000000,256067.998000,4.0,180908.000000,60000.000000,120908.000000
Center II,Private,C001603,Shahab Laboratory -Multan,45 Days,100000.000000,60375.000000,,,,
Center II,Private,C001556,Soorat khan-Multan,30 Days,500000.000000,-0.500000,9.0,619054.500000,619054.500000,0.000000
Center II,Private,C001790,South City Hospital - Multan,Cash,0.000000,0.000000,,,,
Center II,Private,C001576,South Punjab lab-Multan,45 Days,500000.000000,282550.000000,14.0,1319080.000000,1036530.000000,282550.000000
Center II,Private,C000230,Standard Lab - Multan,45 Days,205000.000000,0.000000,6.0,269119.500000,269119.500000,0.000000
Center II,Private,C001550,Star Clinical lab-DG khan,45 Days,200000.000000,0.000000,1.0,53100.000000,53100.000000,0.000000
Center II,Private,C000234,Syed Clinical Lab-Bahawalpur,45 Days,1800000.000000,537391.820000,27.0,4597971.820000,3928343.420000,669628.400000
Center II,Private,C001555,Taqwa lab-Multan,45 Days,600000.000000,384007.400000,10.0,766107.400000,382100.000000,384007.400000
Center II,Private,C001661,Tehseen Ahmed Clinical lab-Khanewal,30 Days,300000.000000,-3.000000,12.0,759890.000000,759890.000000,0.000000
Center II,Private,C001791,Teritoiry Care Hospital Nishtar -2-Multan,Cash,0.000000,2775000.000000,3.0,2775000.000000,0.000000,2775000.000000
Center II,Private,C001591,Umar Clinical lab-Burewala,45 Days,1000000.000000,94287.200000,4.0,308027.200000,213740.000000,94287.200000
Center II,Private,C001599,Waheeda khanum Cancer & General Hospital-Multan,45 Days,80000.000000,0.000000,2.0,96775.000000,96775.000000,0.000000
Head Office,Dealer,C000311,Visole FZC - DUBAI,45 Days,80000000.000000,15320412.000000,56.0,38257580.940000,22937168.940000,15320412.000000
Head Office,Institutions,C001405,COD - Karachi,90 Days,200000000.000000,0.000000,,,,
Head Office,Private,C001399,Cesvi Pakistan,45 Days,3000000.000000,0.000000,,,,
Head Office,Private,C000967,Engro Foods Limited,45 Days,1500000.000000,496928.250000,,,,
Head Office,Private,C001359,Korean intrenational cooperation Agency,Cash,0.000000,0.000000,,,,
Head Office,Private,C000221,Shaukat Khanum Memorial Hospital-Lahore,45 Days,180000000.000000,74418369.746000,394.0,348197197.630000,305166456.630000,43030741.000000
KPK,Dealer,C001456,Oxy-Med Pvt Ltd -Peshawar,45 Days,6000000.000000,0.000000,,,,
KPK,Dealer,C000530,Raza Scientific -peshawar,Cash,0.000000,1488444.000000,,,,
KPK,Dealer,C000312,Zafar Enterprises  - Peshawar,45 Days,7700000.000000,2894669.841000,77.0,13551879.800000,10657209.959000,2894669.841000
KPK,Institutions,C001769,71 Med Bn Kohat Cantt,90 Days,8500000.000000,0.000000,3.0,222585.014000,222585.014000,0.000000
KPK,Institutions,C001461,Bacha Khan Medical Complex (MTI) - Swabi,90 Days,400000.000000,295200.000000,,,,
KPK,Institutions,C001028,Bacha Khan University - Charsadda,90 Days,13000000.000000,0.000000,,,,
KPK,Institutions,C000275,CMH - Abbotabad,90 Days,8500000.000000,-1222039.924000,4.0,4742792.158000,4742792.158000,0.000000
KPK,Institutions,C001312,CMH - Bannu,90 Days,5500000.000000,39648.000000,3.0,1079511.000000,1039863.000000,39648.000000
KPK,Institutions,C001310,CMH - DI khan,90 Days,5000000.000000,150000.000000,4.0,335345.000000,185345.000000,150000.000000
KPK,Institutions,C000273,CMH - KOHAT,90 Days,5000000.000000,2851192.000000,10.0,3136550.000000,1331675.000000,1804875.000000
KPK,Institutions,C001613,CMH - Landi Kotal,90 Days,500000.000000,0.000000,,,,
KPK,Institutions,C001642,CMH - Loralai,90 Days,500000.000000,0.000000,,,,
KPK,Institutions,C000777,CMH - Mardan,90 Days,1200000.000000,0.000000,,,,
KPK,Institutions,C000276,CMH - Nowshera,90 Days,30000000.000000,2105266.049000,3.0,2681139.049000,575873.000000,2105266.049000
KPK,Institutions,C001258,CMH - Risalpur,90 Days,150000.000000,74930.000000,1.0,74930.000000,0.000000,74930.000000
KPK,Institutions,C000875,CMH - Tarbela Cantt,90 Days,150000.000000,0.000000,,,,
KPK,Institutions,C000345,CMH - Terbala,90 Days,1500000.000000,4776.000000,2.0,86840.000000,82064.000000,4776.000000
KPK,Institutions,C001417,CMH - Thal,90 Days,150000.000000,104550.000000,,,,
KPK,Institutions,C000837,DHQ Hospital-Tank,90 Days,100000.000000,0.000000,,,,
KPK,Institutions,C000754,DHQ Hospital-Upper Dir,90 Days,0.000000,575000.000000,,,,
KPK,Institutions,C000741,DHQ Teaching Hospital-Kohat,90 Days,200000.000000,90300.000000,,,,
KPK,Institutions,C000400,Gajju  Khan Medical College,90 Days,10000000.000000,0.000000,,,,
KPK,Institutions,C000439,Hayatabad Medical complex,90 Days,7000000.000000,16862620.410000,6.0,21712120.410000,4849500.000000,16862620.410000
KPK,Institutions,C000671,Khyber Medical University,90 Days,5000000.000000,650797.000000,,,,
KPK,Institutions,C000623,Khyber Teaching Hospital,90 Days,0.000000,260000.000000,,,,
KPK,Institutions,C000295,Lady Reading Hospital-Peshawar,90 Days,12000000.000000,20328617.000000,13.0,14189820.000000,0.000000,14189820.000000
KPK,Institutions,C001374,Peshawar institute of cardiology -Psh,90 Days,10000000.000000,-944386.000000,7.0,2390967.998000,2241909.998000,149058.000000
KPK,Institutions,C000434,Peshawar Medical College,90 Days,1000000.000000,0.000000,,,,
KPK,Institutions,C001787,Safe Blood Transfusion Project - KPK Peshawar,90 Days,0.000000,0.000000,,,,
KPK,Institutions,C001311,Saidu shareef Teaching hospital-Swat,90 Days,1500000.000000,2523000.000000,3.0,2122500.000000,0.000000,2122500.000000
KPK,Institutions,C001522,University of Swat,90 Days,6000000.000000,0.000000,,,,
KPK,Private,C001572,Ali Clinical laboratory-Bathela,45 Days,150000.000000,54200.000000,,,,
KPK,Private,C000024,Anwar Ali Lab - Swat,45 Days,1500000.000000,512439.600000,4.0,747525.600000,298340.000000,449185.600000
KPK,Private,C001635,City General Hospital -Malakand,45 Days,200000.000000,0.000000,,,,
KPK,Private,C001575,Dr Fida Painless Hospital-psh,45 Days,510000.000000,0.000000,1.0,0.000000,0.000000,0.000000
KPK,Private,C000080,Dr. Fazle Raziq Lab - Peshawar,45 Days,750000.000000,661549.760000,9.0,1044249.760000,382700.000000,661549.760000
KPK,Private,C000081,Dr. Habib Jadoon Hospital - Abbtt,45 Days,80000.000000,0.000000,,,,
KPK,Private,C000283,Dr.Fazal Rahim lab Timergara,45 Days,300000.000000,231273.000000,2.0,174490.000000,0.000000,174490.000000
KPK,Private,C001662,Genome lab-Bhathela,45 Days,150000.000000,116480.000000,,,,
KPK,Private,C001541,Hikmat Diagnostic lab-Battgram,45 Days,866240.000000,72320.000000,,,,
KPK,Private,C001589,Ihsan Medical Laboratory-Bannu,45 Days,150000.000000,-50860.000000,,,,
KPK,Private,C001578,Jamal Medical Center -Swabi,45 Days,150000.000000,0.000000,,,,
KPK,Private,C001633,khan Clinical lab-uppar Dir,Cash,0.000000,39640.000000,,,,
KPK,Private,C000139,Khyber Lab-Abottabad,Cash,0.000000,0.000000,,,,
KPK,Private,C000152,Mansehra Lab Mansehra,45 Days,100000.000000,0.000000,,,,
KPK,Private,C001392,Medco -Psh,45 Days,3000000.000000,0.000000,1.0,936000.001000,936000.001000,0.000000
KPK,Private,C001566,Medi lab Diagnostic lab-Nowshera,45 Days,150000.000000,22480.000000,,,,
KPK,Private,C001602,Muhammad Medical Laboratory -Bannu,45 Days,150000.000000,22320.000000,,,,
KPK,Private,C001261,Pakistan Kidney Centre-Abbottabad,45 Days,300000.000000,0.000000,,,,
KPK,Private,C001644,Peshawar General Hospital-Psh,45 Days,1000000.000000,191175.029000,3.0,465675.436000,206557.407000,259118.029000
KPK,Private,C001574,Rehber Diagnostic Center lab -Swabi,45 Days,200000.000000,262960.000000,,,,
KPK,Private,C000211,Rehman Medical Institute (Pvt) LTD. - PSH,45 Days,4500000.000000,4677158.810000,17.0,2819729.504000,823212.876000,1996516.628000
KPK,Private,C001632,Sardar Hospital Diagnostic -Swabi,Cash,0.000000,0.000000,,,,
KPK,Private,C001651,Sehat Medical Labortary -Takhbhae,Cash,0.000000,0.000000,,,,
KPK,Private,C000219,Shah Clinical Laboratory - Swat,45 Days,157580.000000,102897.600000,6.0,313377.600000,210480.000000,102897.600000
KPK,Private,C001393,Shah noor lab .Bannu,45 Days,200000.000000,16158.000000,1.0,63158.000000,63000.000000,158.000000
KPK,Private,C001569,Sikandar Medical Infirmary-Matta,45 Days,65000.000000,63360.000000,,,,
KPK,Private,C001571,Swat Clinical lab-Matta,45 Days,100000.000000,0.000000,,,,
KPK,Private,C001634,Yaqoob Clinical Laboratory -Dargai,45 Days,150000.000000,29080.000000,,,,
North,Dealer,C000483,Ali  Trader - Equipment,45 Days,8000000.000000,5212842.750000,2.0,3580000.000000,3400000.000000,180000.000000
North,Dealer,C001742,Ali Brother - Islamabad,Cash,0.000000,0.000000,,,,
North,Dealer,C000014,Ali Trader - Gujranwala,45 Days,9600000.000000,6391308.630000,76.0,47417350.360000,41026041.730000,6391308.630000
North,Dealer,C001446,Alpha Tech Solution,30 Days,3000000.000000,1670976.714000,80.0,16376479.494000,14889502.780000,1486976.714000
North,Dealer,C001158,Asia Scientific - Rawalpindi,45 Days,60000.000000,0.000000,,,,
North,Dealer,C001419,Bio indus Research & diagnostics,45 Days,1500000.000000,2171621.517000,60.0,8253043.895000,6081422.378000,2171621.517000
North,Dealer,C000045,Bio Technologies - Rawalpindi,45 Days,1200000.000000,605287.300000,33.0,2594882.300000,1489595.000000,1105287.300000
North,Dealer,C000046,Biocare Enterprises - Rawalpindi,45 Days,9200000.000000,0.000000,,,,
North,Dealer,C000048,Burhani Enterprises - Peshawar,45 Days,200000.000000,0.000000,,,,
North,Dealer,C001224,Cabbot Surgical,45 Days,300000.000000,0.000000,,,,
North,Dealer,C001463,Diagnostic Lab system,45 Days,4000000.000000,2455387.660000,64.0,7871798.880000,5416411.220000,2455387.660000
North,Dealer,C001306,Diagnostic Supplies -Rwp,45 Days,1000000.000000,0.000000,,,,
North,Dealer,C000087,Echelon Diagnostic - Karachi,45 Days,1800000.000000,996849.080000,42.0,5930484.617000,5090043.237000,840441.380000
North,Dealer,C000102,GHC-Rawalpindi,45 Days,12000000.000000,974892.000000,9.0,4129162.000000,3154270.000000,974892.000000
North,Dealer,C000979,Global Scientific & Surgical -Gilgit,45 Days,824775.000000,578000.000000,,,,
North,Dealer,C000290,Health Equips - Rwp,45 Days,500000.000000,-45356.600000,34.0,3860123.500000,3739197.100000,120926.400000
North,Dealer,C001414,Ijaz enterprises -Rwp,45 Days,111000000.000000,0.000000,,,,
North,Dealer,C001337,Lab Diagnostics System SMC Pvt Ltd.,45 Days,20000000.000000,4587421.547000,4.0,1382963.547000,0.000000,1382963.547000
North,Dealer,C001657,Magma International -Rwp,45 Days,900000.000000,0.000000,,,,
North,Dealer,C001155,Modern Health Technologies-Equipment,45 Days,3200000.000000,212975.000000,,,,
North,Dealer,C000159,Modern Health Technologies-Taxila,45 Days,5500000.000000,2104845.217000,80.0,20179705.630000,18074860.413000,2104845.217000
North,Dealer,C001302,Mubashar enterrpises-Rwp,Cash,12000000.000000,0.000000,,,,
North,Dealer,C001709,Science Center,45 Days,1700000.000000,302168.640000,18.0,1246181.640000,944013.000000,302168.640000
North,Dealer,C000248,Total Medical Services - Rwp,45 Days,300000.000000,0.000000,,,,
North,Dealer,C000353,Vantage Technologies,Cash,639339.480000,65000.000000,,,,
North,Institutions,C001753,1 Min Med Bn C/O Pak (A) Code No 17 T,90 Days,8500000.000000,325005.000000,3.0,492615.000000,167610.000000,325005.000000
North,Institutions,C001624,136  Med  Bn C/O Pak (A)-28,90 Days,8500000.000000,0.000000,,,,
North,Institutions,C000540,AFIC - Rwp,90 Days,3000000.000000,2576978.064000,3.0,2901878.064000,586500.000000,2315378.064000
North,Institutions,C000002,AFIP - RWP,90 Days,100000000.000000,0.000000,67.0,108023995.187000,108023995.187000,0.000000
North,Institutions,C000003,AFIT - RWP,90 Days,500000.000000,423150.000000,,,,
North,Institutions,C000004,AFIU - RWP,90 Days,200000.000000,0.000000,,,,
North,Institutions,C000029,Army Medical College -Rawalpindi,90 Days,27000000.000000,6874731.801000,7.0,28319203.007000,18877786.994000,9441416.013000
North,Institutions,C001520,Azad Jammu & Kashmir Medical College -Muzaffarabad,90 Days,700000.000000,0.000000,,,,
North,Institutions,C001762,Bahria University -Isb,45 Days,6000000.000000,6254000.000000,1.0,6254000.000000,0.000000,6254000.000000
North,Institutions,C000707,Benazir Bhutto Hospital - Rwp,90 Days,2800000.000000,0.000000,,,,
North,Institutions,C000361,Bone Marrow Transplant center Armed Force,90 Days,7000000.000000,906453.095000,15.0,3970483.522000,3064030.427000,906453.095000
North,Institutions,C000270,CMH - Attock,90 Days,3000000.000000,39648.002000,4.0,1881912.406000,1842264.406000,39648.000000
North,Institutions,C001386,CMH - Chunian,90 Days,200000.000000,34600.000000,,,,
North,Institutions,C000993,CMH - Gilgit,90 Days,2000000.000000,1582168.000000,4.0,1413694.000000,615434.000000,798260.000000
North,Institutions,C000350,CMH - Jhelum,90 Days,2500000.000000,-0.005000,5.0,3305545.000000,3305545.000000,0.000000
North,Institutions,C000338,CMH - Mangla,90 Days,1000000.000000,0.000000,3.0,1074114.000000,1074114.000000,0.000000
North,Institutions,C000527,CMH - Murree,90 Days,1500000.000000,79296.000000,5.0,1308634.000000,1229338.000000,79296.000000
North,Institutions,C000243,CMH - Muzafarabad,90 Days,5000000.000000,198240.000000,7.0,2457851.005000,2259611.005000,198240.000000
North,Institutions,C000063,CMH - Peshawar,90 Days,12000000.000000,0.000000,11.0,11439746.965000,11439746.965000,0.000000
North,Institutions,C000558,CMH - Rawalakot,90 Days,1500000.000000,0.000000,,,,
North,Institutions,C000064,CMH - Rawalpindi,90 Days,12000000.000000,3727458.000000,3.0,5586250.000000,1692250.000000,3894000.000000
North,Institutions,C000535,CMH - Skardu,90 Days,1500000.000000,546181.000000,4.0,986741.000000,440560.000000,546181.000000
North,Institutions,C000560,COD - Rawalpindi,90 Days,200000000.000000,0.000000,,,,
North,Institutions,C000069,DESTO Rawalpindi,90 Days,47000000.000000,38437380.450000,3.0,13501914.000000,0.000000,13501914.000000
North,Institutions,C000412,DG Health - Peshawar,90 Days,500000.000000,0.000000,,,,
North,Institutions,C001307,DHQ-Mirpur - AJK,45 Days,1500000.000000,0.000000,,,,
North,Institutions,C000440,Directorate General  of Technical Procurement,90 Days,27000000.000000,0.000000,,,,
North,Institutions,C000432,Directorate of Procurement - Air,90 Days,70000000.000000,0.000000,1.0,27108781.920000,27108781.920000,0.000000
North,Institutions,C000280,Directorate of Procurement - Army,90 Days,120000000.000000,29082760.400000,,,,
North,Institutions,C000803,Directorate of Procurement - Navy,90 Days,9000000.000000,0.000000,,,,
North,Institutions,C000075,DP - Navy Isb,90 Days,2000000.000000,0.000000,,,,
North,Institutions,C001447,Expanded Programme on Immunization,90 Days,10000000.000000,0.000000,,,,
North,Institutions,C000286,Fauji Foundation Hospital - RWP,90 Days,2600000.000000,3750037.016000,16.0,5453888.000000,1819270.000000,3634618.000000
North,Institutions,C000428,Holy Family Hospital,90 Days,4100000.000000,0.000000,,,,
North,Institutions,C001169,Integral Health Delivery Services (Pvt.) Ltd,90 Days,500000.000000,0.000000,,,,
North,Institutions,C001313,International Islamic university-ISB,90 Days,2500000.000000,0.000000,,,,
North,Institutions,C001353,Islamabad  Medical Complex  Nescom-Isb,90 Days,100000.000000,0.000000,,,,
North,Institutions,C001441,ISolation Hospital and infection Treatment centre,90 Days,50000.000000,0.000000,,,,
North,Institutions,C001203,KRL Hospital Islamabad,90 Days,10000000.000000,4283473.320000,17.0,6660816.560000,3170676.000000,3490140.560000
North,Institutions,C000298,MH - Rawalpindi,90 Days,45000000.000000,8469241.000000,11.0,18972502.000000,2223000.000000,16749502.000000
North,Institutions,C000301,National AID Control Programe -  NIH - Islamabad,90 Days,500000.000000,0.000000,,,,
North,Institutions,C001029,National Development Complex,90 Days,2200000.000000,0.000000,,,,
North,Institutions,C001318,National Disaster Management Authority,90 Days,500000000.000000,0.000000,,,,
North,Institutions,C001339,National Engineering Services Trading & Consultancy Company (NESTACC),90 Days,4500000.000000,0.000000,,,,
North,Institutions,C000442,National Institute of Health,90 Days,260000000.000000,6571629.999000,10.0,115218015.999000,108646386.000000,6571629.999000
North,Institutions,C000756,National University of Medical Sciences (NUMS),90 Days,0.000000,0.000000,2.0,3208960.000000,3208960.000000,0.000000
North,Institutions,C000865,National University of Science  & Technology,90 Days,1500000.000000,0.000000,,,,
North,Institutions,C000180,Noori Hospital Islamabad,90 Days,500000.000000,-0.005000,1.0,194999.995000,194999.995000,0.000000
North,Institutions,C001210,PAC Hospital -Kamra,90 Days,9647024.000000,0.000000,,,,
North,Institutions,C001530,PAF Hospital-Islamabad,90 Days,700000.000000,0.000000,,,,
North,Institutions,C001375,Pak-Austria Fachhochsehule:Institute of Applied Sciences & Technology -Haripur,90 Days,0.000000,0.000000,,,,
North,Institutions,C001291,Pakistan Academy of Sciences,90 Days,600000.000000,0.000000,,,,
North,Institutions,C000336,Pakistan Atomic Energy Commmission General Hospital,90 Days,4000000.000000,1120000.198000,6.0,3700000.393000,2580000.195000,1120000.198000
North,Institutions,C001696,Pakistan Atomic Energy Commmission General Hospital Mianwali,90 Days,500000.000000,0.000000,,,,
North,Institutions,C001749,Pakistan Thalassaemia Center - Rawalpindi,90 Days,0.000000,0.000000,,,,
North,Institutions,C000191,PIMS - Children Hospital,90 Days,500000.000000,0.000000,,,,
North,Institutions,C000192,PIMS - ISB,90 Days,15000000.000000,14650283.410000,23.0,10874803.407000,0.000000,10874803.407000
North,Institutions,C001384,POF-Wah,90 Days,3000000.000000,0.000000,,,,
North,Institutions,C000437,Quaid-i-Azam University - Islamabad,90 Days,35000000.000000,12921461.452000,6.0,17700261.452000,4778799.990000,12921461.462000
North,Institutions,C000424,Rawalpindi  Institute of Cardiology,90 Days,10000000.000000,6765744.000000,3.0,3162400.000000,0.000000,3162400.000000
North,Institutions,C001747,Shaheed Zulfiqar Ali Bhutto Medical University Islamabad,90 Days,0.000000,0.000000,,,,
North,Institutions,C001643,Sheikh Khalifa bin Zayed Al Nahyan Hospital AK CMH Muzaffarabad,90 Days,400000.000000,0.000000,,,,
North,Institutions,C001381,Swan International -Islamabad,90 Days,40000000.000000,0.000000,,,,
North,Institutions,C001408,UNOPS-Isb,90 Days,13300000.000000,0.000000,,,,
North,Institutions,C000364,World Health Organization,90 Days,45000000.000000,0.000000,2.0,48660000.000000,48660000.000000,0.000000
North,Private,C001716,Abbottabad international medical instiitute Pvt Ltd,45 Days,500000.000000,228986.400000,4.0,1727256.400000,1500000.000000,227256.400000
North,Private,C001500,Accurate lab -Rwp,45 Days,500000.000000,1682688.000000,12.0,2001424.000000,318736.000000,1682688.000000
North,Private,C001674,Acme Enterprices,45 Days,7100000.000000,0.000000,,,,
North,Private,C000963,Advanced Diagnostic center & labs-Isb,45 Days,240000.000000,0.000000,,,,
North,Private,C001690,Al Khidmat Raazi Hospital Rawalpindi,45 Days,1000000.000000,1685392.000000,35.0,4798050.000000,2385510.000000,2412540.000000
North,Private,C000013,Ali Hospital-Islamabad,Cash,475700.000000,0.000000,,,,
North,Private,C001760,Ali Medical Center Islamabad,45 Days,500000.000000,20130.000000,6.0,1614600.000000,1594470.000000,20130.000000
North,Private,C000015,Al-Ihsan Hospital - Rwp,45 Days,100000.000000,0.000000,,,,
North,Private,C001672,Al-Khidmat Islamabad,45 Days,950000.000000,1168700.000000,4.0,2360000.000000,1240000.000000,1120000.000000
North,Private,C001186,Allergy and Asthma center-Isb,45 Days,560000.000000,159455.800000,8.0,624780.200000,465324.400000,159455.800000
North,Private,C000435,Alpha lab-Rwp,Cash,300000.000000,0.000000,,,,
North,Private,C001502,AMEX Export -Import GmbH,45 Days,20000000.000000,0.000000,,,,
North,Private,C001363,Amson Vaccine & Pharma(Pvt) Ltd,45 Days,500000.000000,70253.000000,2.0,154816.000000,84563.000000,70253.000000
North,Private,C001451,AZ Diagnostic,45 Days,3500000.000000,400200.000000,,,,
North,Private,C001736,Aziz Medical center-Isb,45 Days,10000000.000000,105792.000000,15.0,32369798.000000,32264006.000000,105792.000000
North,Private,C000932,Bahria International Hospital-Rawalpindi,45 Days,100000.000000,0.000000,,,,
North,Private,C001201,Begum Akhtar Rukhsana Memorial Hospital,45 Days,99000.000000,0.000000,,,,
North,Private,C000039,Bilal Hospital - Rawalpindi,45 Days,30000.000000,0.000000,,,,
North,Private,C000043,Bio Path - ISB,45 Days,300000.000000,115800.000000,,,,
North,Private,C000937,BioGene Lab - Rawalpindi,45 Days,800000.000000,71600.000000,,,,
North,Private,C001579,Blood Bank Services-ISB,45 Days,500000.000000,901940.000000,5.0,146500.000000,0.000000,146500.000000
North,Private,C000051,Cantt. Lab & Medical Imaging - Rawalpindi,45 Days,1300000.000000,0.000000,,,,
North,Private,C001743,Capital Diagnostic Center - Islamabad,Cash,0.000000,0.000000,,,,
North,Private,C000867,Citi Labs -Rwp,45 Days,800000.000000,774364.238000,12.0,1945695.988000,1171331.750000,774364.238000
North,Private,C001547,City Medical complex,45 Days,5500000.000000,0.000000,,,,
North,Private,C000277,Counter Sales North,Cash,1175000.000000,661271.000000,14.0,2701438.800000,2390038.800000,311400.000000
North,Private,C000343,Customer Services  -  GMS,Cash,1950000.000000,0.000000,,,,
North,Private,C001432,DAI Fleming Fund-ISB,45 Days,1500000.000000,75000.000000,,,,
North,Private,C001675,Dawn Pahmacy -Rwp,45 Days,350000.000000,0.000000,,,,
North,Private,C001308,Dr Akbar Naizi Teaching Hospital-Isb,45 Days,550000.000000,0.000000,,,,
North,Private,C000076,Dr Amreek Lal,45 Days,2300000.000000,710091.940000,29.0,7031776.300000,5499767.360000,1532008.940000
North,Private,C000079,Dr. Abdul Sattar Lab- Sialkot,45 Days,600000.000000,0.000000,10.0,2310200.000000,2310200.000000,0.000000
North,Private,C001025,Dr. Naeem,45 Days,500000.000000,0.000000,,,,
North,Private,C000284,Excel Lab - ISB,45 Days,22000000.000000,10873969.756000,109.0,39568235.264000,28694265.508000,10873969.756000
North,Private,C000093,FS Lab Services - Chakwal,45 Days,288000.000000,0.000000,,,,
North,Private,C000094,Gen. Sohaib,45 Days,400000.000000,60000.000000,1.0,10000.000000,0.000000,10000.000000
North,Private,C001508,Gilgit Medical Laboratories,45 Days,1100000.000000,0.000000,,,,
North,Private,C000740,GMS office-Head office,Cash,100000000000.000000,0.006000,1.0,403200.006000,403200.000000,0.006000
North,Private,C001427,GSR lab-ISB,45 Days,100000.000000,0.000000,,,,
North,Private,C001608,Health Line Diagnostic Services-Isb,45 Days,500000.000000,101800.000000,,,,
North,Private,C000109,Health Ways Laboratories - Rawalpindi,45 Days,100000.000000,147500.000000,,,,
North,Private,C001676,Hospital Equipment Corporation -Rwp,45 Days,5000000.000000,0.000000,,,,
North,Private,C001497,International Federation of Red Cross and red Crescent Societies,45 Days,1300000.000000,0.000000,,,,
North,Private,C001628,IOM international  Organization for Migration,45 Days,500000.000000,305000.000000,,,,
North,Private,C000124,Islamabad Diagnostic Centre(Pvt) Ltd,45 Days,60000000.000000,29154082.558000,212.0,114307336.746000,80345695.715000,33961641.031000
North,Private,C001422,Islamabad Healthcare Lab,45 Days,660800.000000,170172.000000,,,,
North,Private,C001768,JSI Research & Training Institute - Islamabad,Cash,0.000000,0.000000,,,,
North,Private,C001503,Kohsar University - Murree,45 Days,3000000.000000,272610.000000,,,,
North,Private,C001343,Margalla Diagnostic & Clinical -ISB,45 Days,11500000.000000,0.000000,,,,
North,Private,C001475,MarkPro-khi,Cash,9400000.000000,0.000000,,,,
North,Private,C001482,Marroof International hospital-ISB,Cash,0.000000,0.000000,,,,
North,Private,C001296,Maryam Memorial Hospital -Rwp,45 Days,844000.000000,0.000000,,,,
North,Private,C001449,MEDASK Private Limited,45 Days,4200000.000000,585695.000000,,,,
North,Private,C000851,Medecins Sans Frontieres,45 Days,5000000.000000,739200.000000,5.0,2959950.000000,2220750.000000,739200.000000
North,Private,C001498,Medicsi labs islamabad,45 Days,200000.000000,192141.900000,6.0,347414.500000,155272.600000,192141.900000
North,Private,C001425,Mediland Pakistan (PVT) Ltd,Cash,0.000000,0.000000,,,,
North,Private,C001596,Meritorious Business Solutions Pvt Ltd-Rwp,45 Days,300000.000000,0.000000,,,,
North,Private,C001344,Metropole Laboratories(Private) Limited,45 Days,1600000.000000,1006293.790000,34.0,3729501.048000,2723207.258000,1006293.790000
North,Private,C001415,MOL PAKISTAN OIL & GAS CO.B.V,45 Days,2152800.000000,0.000000,,,,
North,Private,C001467,Mother and child Healthcare center,45 Days,1300000.000000,0.000000,,,,
North,Private,C001187,Mubarak Clinical lab,45 Days,30000.000000,0.000000,,,,
North,Private,C001367,Nai Zindagi Trust,45 Days,11000000.000000,0.000000,,,,
North,Private,C001563,Nayab lab & diagnostic center-ISB,45 Days,900000.000000,1030599.600000,23.0,8752244.480000,7861684.880000,890559.600000
North,Private,C001501,Nayab Trader -Rwp,45 Days,500000.000000,291200.006000,7.0,1144000.006000,852800.000000,291200.006000
North,Private,C001778,Noon Foundation-Rwp,90 Days,350000.000000,384396.800000,6.0,1220804.400000,836407.600000,384396.800000
North,Private,C001045,Northwest General Hospital & Research Center,45 Days,1000000.000000,975416.200000,17.0,4075200.000000,3099783.800000,975416.200000
North,Private,C001257,P-First Solution -Rwp,45 Days,2235000.000000,0.000000,,,,
North,Private,C001770,Premium Diagnostics,90 Days,8500000.000000,0.000000,1.0,150000.000000,150000.000000,0.000000
North,Private,C001338,Qarshi laboratories,45 Days,50000.000000,0.000000,,,,
North,Private,C000417,Quaid-e-azam international Hospital,45 Days,3300000.000000,0.000000,,,,
North,Private,C000492,Real Time Pcr lab-Psh(Equipment),Cash,0.000000,0.000000,,,,
North,Private,C001746,Red Cresent - Rawalpindi,90 Days,0.000000,0.000000,,,,
North,Private,C001391,Rehman Lab -Isb,Cash,672000.000000,0.000000,,,,
North,Private,C001722,Revive Medical Technologies Inc,45 Days,1500000.000000,0.000000,,,,
North,Private,C001776,Riphah Intl University - Islamabad,Cash,0.000000,0.000000,,,,
North,Private,C000509,Saif  Health  Care Limited,45 Days,1200000.000000,806130.000000,6.0,1052095.000000,691015.000000,361080.000000
North,Private,C001525,Salman Poultry Pvt  LTD,45 Days,300000.000000,0.000000,,,,
North,Private,C001283,Shaheen Medical Services -Rwp,45 Days,2903300.000000,0.000000,,,,
North,Private,C001606,Shaukat Khanum Memorial Hospital - Peshawar,Cash,0.000000,0.000000,,,,
North,Private,C000224,Shifa international Hosp Ltd - Isb,45 Days,50000000.000000,43613991.211000,93.0,70583480.012000,36382988.038000,34200491.974000
North,Private,C000325,Stancos Pvt Ltd,45 Days,1500.000000,0.000000,2.0,999342.000000,999342.000000,0.000000
North,Private,C001369,Superior Scientifc technology,45 Days,200000.000000,0.000000,,,,
North,Private,C001568,Talha Clinical Laboratory -Dargai,45 Days,150000.000000,128640.000000,,,,
North,Private,C001465,The Citi lab Rawalpindi,45 Days,400000.000000,226201.032000,8.0,1332200.096000,990000.064000,342200.032000
North,Private,C001521,The Diabetes center-ISB,Cash,0.000000,1200699.000000,,,,
North,Private,C001279,United National High Commissioner for Refugees,45 Days,5000000.000000,0.000000,,,,
North,Private,C000520,US Embassy Islamabad,45 Days,200000.000000,134118.000000,,,,
North,Private,C000354,Valley Clinic - Rwp,45 Days,35000.000000,0.000000,,,,
North,Private,C001797,XL Pakistan,60 Days,0.000000,0.000000,,,,
North,Private,C001452,Yahya Hospital-Haripur,45 Days,2200000.000000,1425783.000000,18.0,4759354.500000,3333571.500000,1425783.000000
North,Private,C000515,Zainab Lab-Rwp,45 Days,500000.000000,0.000000,,,,
North,Private,C000260,Zam Zam Lab - Jehlum,45 Days,200000.000000,0.000000,,,,
South,Dealer,C000010,Al Shifa Traders - Quetta,45 Days,5600000.000000,5569075.400000,,,,
South,Dealer,C001303,Aqsa Enterprises-Hyd,45 Days,2500000.000000,505531.000000,2.0,75400.000000,75400.000000,0.000000
South,Dealer,C000034,Baig Brothers Importers Exporters - QTA,45 Days,17500000.000000,1022685.960000,9.0,1542397.960000,553532.000000,988865.960000
South,Dealer,C000988,Best Med Traders -Hyd,45 Days,6000000.000000,3005602.941000,57.0,16724297.341000,13123172.720000,3601124.621000
South,Dealer,C000095,General Diagnostic - Karachi,45 Days,3000000.000000,46300.000000,1.0,300900.000000,300900.000000,0.000000
South,Dealer,C000487,Lab Point -Equipment,45 Days,3500000.000000,1075000.000000,,,,
South,Dealer,C000324,Lab Point SKR,45 Days,1500000.000000,1366946.740000,37.0,8705160.540000,7338213.800000,1366946.740000
South,Dealer,C000143,Lab Tech Services - Karachi,45 Days,800000.000000,1566247.880000,12.0,4093294.880000,2641416.000000,1451878.880000
South,Dealer,C000145,Labtech - Larkana,45 Days,400000.000000,87455.000000,,,,
South,Dealer,C001394,Roche Pakistan Limited,45 Days,516000.000000,0.000000,,,,
South,Dealer,C001348,Samad diagnostic lab-Quetta,45 Days,300000.000000,594130.000000,,,,
South,Dealer,C001383,Scientific Solutions -khi,45 Days,3000000.000000,367494.000000,,,,
South,Dealer,C001329,Star Corporation-Khi,45 Days,550000.000000,0.000000,,,,
South,Dealer,C000985,Sukkur Traders-Sukkur,45 Days,4000000.000000,3983950.000000,,,,
South,Dealer,C001335,Taj Diagnostic-khi,45 Days,1410000.000000,214934.500000,12.0,814665.600000,587433.000000,227232.600000
South,Dealer,C000256,V-Med Inter Trade - Karachi,45 Days,3200000.000000,4693933.983000,16.0,9298115.983000,4604182.000000,4693933.983000
South,Institutions,C001774,71 Med Battalian Quetta Cantt,90 Days,8500000.000000,42585.000000,1.0,42585.000000,0.000000,42585.000000
South,Institutions,C000775,Balochistan Institute of nephoro-Urology Quetta - (BINUQ,90 Days,12000000.000000,259000.000000,,,,
South,Institutions,C000502,CENAR Hospital-Quetta,90 Days,1000000.000000,0.000000,3.0,474336.000000,474336.000000,0.000000
South,Institutions,C001324,Children Hospital-khi,90 Days,2000000.000000,0.000000,,,,
South,Institutions,C001715,Civil Hospital-Karachi,90 Days,23000000.000000,0.000000,10.0,22136501.245000,22136501.245000,0.000000
South,Institutions,C000387,CMH - Badin,90 Days,1000000.000000,0.000000,2.0,307040.000000,307040.000000,0.000000
South,Institutions,C000401,CMH - Chhor,90 Days,500000.000000,0.000000,4.0,229275.000000,229275.000000,0.000000
South,Institutions,C000060,CMH - Hyderabad,90 Days,3500000.000000,1197374.968000,4.0,4489865.968000,3594986.000000,894879.968000
South,Institutions,C001331,CMH - Khuzdar,90 Days,1000000.000000,0.000000,,,,
South,Institutions,C000911,CMH - Malir,90 Days,8000000.000000,386450.000000,5.0,9761816.240000,9375366.240000,386450.000000
South,Institutions,C000694,CMH - Pano Aqil,90 Days,10000000.000000,1241817.012000,5.0,1587741.030000,1066236.018000,521505.012000
South,Institutions,C000314,CMH - Quetta,90 Days,100000000.000000,554880.000000,5.0,11834262.005000,11556822.005000,277440.000000
South,Institutions,C001411,CMH-Zhob,90 Days,300000.000000,371230.000000,1.0,237130.000000,0.000000,237130.000000
South,Institutions,C001480,College of physicians Surgeons Pakistan,45 Days,100000.000000,0.000000,,,,
South,Institutions,C000068,DESTO Karachi,90 Days,34000000.000000,7121470.000000,1.0,949997.935000,949997.935000,0.000000
South,Institutions,C000073,DG Health - Hyderabad,90 Days,5000000.000000,0.000000,,,,
South,Institutions,C000532,Diagnostic & Research Laboratory,90 Days,25000000.000000,24288226.757000,35.0,48513901.277000,24942190.000000,23571711.277000
South,Institutions,C001332,Director General Health -Baluchistan,90 Days,100000000.000000,0.000000,,,,
South,Institutions,C000074,DOW University Karachi,90 Days,27000000.000000,25876242.000000,21.0,50175098.000000,26163910.000000,24011188.000000
South,Institutions,C001524,Fatima Jinnah Institute of Chest Diseases - Quetta,90 Days,900000.000000,74010.136000,13.0,2700010.155000,2626000.019000,74010.136000
South,Institutions,C001535,Fauji Foundation Hospital(SOMH)-khi,90 Days,1000000.000000,228800.000000,9.0,2103660.000000,1874860.000000,228800.000000
South,Institutions,C000536,Gambat Inst of Medical Science,90 Days,30000000.000000,641300.000000,1.0,336300.000000,0.000000,336300.000000
South,Institutions,C001532,GC University -Hyderabad,90 Days,10000000.000000,0.000000,,,,
South,Institutions,C001334,IBD Hospital-Attock,90 Days,1000000.000000,0.000000,,,,
South,Institutions,C000616,Indus Hospital and Health Network,90 Days,3416817.000000,-34947.259000,32.0,10932175.400000,7691202.120000,3240973.280000
South,Institutions,C000461,Jinnah Sindh Medical University,90 Days,2000000.000000,686048.000000,1.0,167980.000000,167980.000000,0.000000
South,Institutions,C000132,JPMC - Karachi,90 Days,5000000.000000,87496.776000,2.0,4961969.776000,4875069.000000,86900.776000
South,Institutions,C000861,Karachi Port Trust -Khi,90 Days,50000.000000,84750.000000,,,,
South,Institutions,C000678,Khairpur Medical College,90 Days,0.000000,0.000000,,,,
South,Institutions,C000146,Liaqaut University [L.U.M.H.S] - Jamshoro,90 Days,3700000.000000,0.000000,,,,
South,Institutions,C000147,Liaqaut University Hospital [L.U.H] - HYD,90 Days,3000000.000000,338070.000000,2.0,338070.000000,0.000000,338070.000000
South,Institutions,C000148,Liaquat National Hospital - Karachi,90 Days,15500000.000000,3426388.625000,29.0,22431102.829000,19004714.204000,3426388.625000
South,Institutions,C001752,Medical Battalion 44 Ops Area Gwadar,90 Days,5000000.000000,0.000000,1.0,770050.000000,770050.000000,0.000000
South,Institutions,C001377,Memon Medical Institute Hospital(Memon Health and Education Foundation),90 Days,7500000.000000,317612.720000,15.0,3907200.000000,2846004.000000,1061196.000000
South,Institutions,C001665,National institute of Cardiovascular Disease -khi,90 Days,15000000.000000,11264831.500000,12.0,7560430.000000,1711798.500000,5848631.500000
South,Institutions,C001796,National Institute of Child Health - Karachi,Cash,0.000000,0.000000,,,,
South,Institutions,C000581,Office of the District Health Officer ? Shaheed Benazirabad,90 Days,6300000.000000,0.000000,3.0,2984800.000000,2984800.000000,0.000000
South,Institutions,C001321,Pakistan Navy Hospital-Ormara,90 Days,3500000.000000,0.000000,,,,
South,Institutions,C001320,PCMD  - University of Karachi,90 Days,25000000.000000,670229.000000,2.0,10893900.004000,10374835.004000,519065.000000
South,Institutions,C001326,People University of Medical & Health sciences for Women,90 Days,120000000.000000,0.000000,,,,
South,Institutions,C000392,Peoples Medical College Hospital,90 Days,15000000.000000,0.000000,,,,
South,Institutions,C000196,PN MEDICAL STORES DEPOT at  PNS Shifa - Karachi,90 Days,2200000.000000,0.000000,,,,
South,Institutions,C000195,PNS Darmaan Jah Hospital,90 Days,600000.000000,90000.000000,,,,
South,Institutions,C001740,PPHI -  SINDH DISTRICT OFFICE -  PPHI  Hyderabad,90 Days,20000000.000000,817920.000000,5.0,817920.000000,0.000000,817920.000000
South,Institutions,C001741,PPHI -  SINDH DISTRICT OFFICE -  PPHI  Khairpur,90 Days,20000000.000000,1623729.000000,16.0,2848370.000000,1055940.000000,1792430.000000
South,Institutions,C001759,PPHI -  SINDH DISTRICT OFFICE -  PPHI DL MIRPURKHAS,90 Days,500000.000000,1300100.000000,8.0,1409550.000000,109450.000000,1300100.000000
South,Institutions,C001729,PPHI -  SINDH DISTRICT OFFICE -  PPHI Hyderabad,90 Days,0.000000,0.000000,,,,
South,Institutions,C001739,PPHI -  SINDH DISTRICT OFFICE -  PPHI LARKANA,90 Days,20000000.000000,2261390.000000,32.0,3750149.800000,1488759.800000,2261390.000000
South,Institutions,C001724,PPHI -  SINDH DISTRICT OFFICE -  PPHI Malir,90 Days,0.000000,0.000000,,,,
South,Institutions,C001750,PPHI -  SINDH DISTRICT OFFICE - KARACHI,90 Days,0.000000,0.000000,,,,
South,Institutions,C001448,Regional Blood Centre-Sukkur,90 Days,1400000.000000,0.000000,,,,
South,Institutions,C001151,Sayed Abdullah Shah Institute of Medical Sciences,90 Days,4267000.000000,0.000000,,,,
South,Institutions,C000227,Sindh Institue of Urology and Transplanta,90 Days,13500000.000000,271468.750000,5.0,4426100.000000,4426100.000000,0.000000
South,Institutions,C001537,Sindh Institute of Child and Health Neonatology-khi,90 Days,20000000.000000,107441.826000,12.0,4957949.826000,4855589.881000,102359.945000
South,Institutions,C000031,Sindh Institute of Reproductive Medicine (SIRM)-Khi,90 Days,3000000.000000,1950361.920000,29.0,9371800.000000,7989716.500000,1382083.500000
South,Institutions,C001444,Sindh Rangers Hospital - Sukkur,90 Days,2000000.000000,0.000000,,,,
South,Institutions,C000456,Sindh Rangers Hospital -khi,90 Days,2000000.000000,0.000000,,,,
South,Institutions,C001109,The Kidney Centre Post Graduate Training Institute - KHI,90 Days,1400000.000000,1168200.000000,18.0,2638350.000000,1470150.000000,1168200.000000
South,Institutions,C000465,University of Karachi,90 Days,5800000.000000,1220397.000000,,,,
South,Private,C001362,Advance MRI & Diagnostic center-Hyd,45 Days,400000.000000,0.000000,,,,
South,Private,C001333,Advanced Laboratories PVTLTD-khi,45 Days,6310000.000000,714918.040000,1.0,204000.000000,0.000000,204000.000000
South,Private,C001189,Aftab enterprises-Hyd,45 Days,40000.000000,0.000000,,,,
South,Private,C001317,Aga khan Health Service,90 Days,9000000.000000,142600.000000,3.0,142600.000000,0.000000,142600.000000
South,Private,C000261,Akram Hospital Lab,45 Days,1000000.000000,2073008.700000,,,,
South,Private,C001744,Al khidmat - Sukkur,45 Days,4000000.000000,0.000000,,,,
South,Private,C001610,Al khidmat Hospital Nazimabad-Karachi,45 Days,6000000.000000,4372366.000000,40.0,17266450.000000,12774300.000000,4492150.000000
South,Private,C001605,Al khidmat Hospital Orangi-Karachi,45 Days,500000.000000,0.000000,,,,
South,Private,C000007,Al-Hamra Diabetic and Medical Center - KHI,45 Days,6500000.000000,403951.000000,2.0,4586699.000000,4586699.000000,0.000000
South,Private,C001698,Al-Mustafa Hospital-khi,45 Days,1500000.000000,96000.000000,,,,
South,Private,C001370,Altamash General Hospital (Private) Limited-Khi,45 Days,1000000.000000,274286.600000,19.0,2191887.600000,2056341.000000,135546.600000
South,Private,C000528,Amma Ayesha Hospital,45 Days,1000000.000000,500000.000000,,,,
South,Private,C000385,Archroma Pakistan Ltd,45 Days,100000.000000,0.000000,,,,
South,Private,C001772,Aria Institute of Medical Sciences (Private) Limited-Quetta,45 Days,50000000.000000,954680.000000,9.0,2645680.000000,1691000.000000,954680.000000
South,Private,C001357,Arif laboratory Diagnostic-khi,45 Days,1000000.000000,0.000000,,,,
South,Private,C001586,AZM  laboratories-khi,45 Days,1700000.000000,-44978.200000,12.0,1030731.800000,955896.200000,74835.600000
South,Private,C001051,Bahria Pharmacy-khi,45 Days,4000000.000000,234508.480000,4.0,426211.480000,191703.000000,234508.480000
South,Private,C001647,Balooch Blood Bank -Quetta,45 Days,300000.000000,-5710.000000,1.0,94290.000000,94290.000000,0.000000
South,Private,C000476,Bayer Pakistan (Pvt).Ltd,45 Days,800000.000000,391449.000000,,,,
South,Private,C001648,Bukhari Blood bank & Thalasseemia center-Larkana,45 Days,2200000.000000,135380.000000,,,,
South,Private,C001193,Burhani Hospital-khi,45 Days,500000.000000,319060.000000,18.0,1667910.000000,1348850.000000,319060.000000
South,Private,C001305,CDC Lab-Khi,45 Days,1500000.000000,632165.000000,,,,
South,Private,C001368,Concept Fertility Center-khi,45 Days,750000.000000,44095.000000,8.0,1573030.200000,1528935.200000,44095.000000
South,Private,C000316,Counter Sales South,Cash,2520000.000000,275920.000000,3.0,326640.000000,0.000000,326640.000000
South,Private,C000831,Darul Shifa international Pvt Ltd,45 Days,1000000.000000,1103630.000000,13.0,2960620.000000,1894490.000000,1066130.000000
South,Private,C001792,Dawood Lab-Quetta,Cash,0.000000,0.000000,,,,
South,Private,C000430,Doctor plaza,45 Days,1200000.000000,698988.300000,8.0,554680.000000,353700.000000,200980.000000
South,Private,C001704,Dr Tariq Laboratory -khi,45 Days,850000.000000,1026032.400000,9.0,1026032.400000,0.000000,1026032.400000
South,Private,C000918,Dr. Essa Laboratory & Diagnostic Centres (Pvt) Ltd-Khi,45 Days,5000000.000000,1113039.000000,20.0,3797649.200000,2466368.280000,1331280.920000
South,Private,C000085,Dr. Ziauddin Hospital - Karachi,90 Days,22000000.000000,13481478.760000,65.0,25769615.710000,12271823.000000,13497792.710000
South,Private,C001442,Dr.Yasmeen syed lab.khi,45 Days,1000000.000000,219124.000000,16.0,2045766.000000,1826642.000000,219124.000000
South,Private,C001587,Fatimiyah Hospital-khi,45 Days,1000000.000000,322800.000000,14.0,1735200.000000,1350000.000000,385200.000000
South,Private,C001459,Friends of Burns Centre -khi,45 Days,800000.000000,0.000000,,,,
South,Private,C001538,Genose Lab - Karachi,45 Days,230000.000000,192000.000000,,,,
South,Private,C000099,Getz Pharma (PVT) Limited - Karachi,45 Days,2700000.000000,2416404.000000,15.0,3507550.000000,1363608.000000,2143942.000000
South,Private,C000104,Glaxo Smith Kline - Karachi,45 Days,400000.000000,0.000000,,,,
South,Private,C000739,GMS office-khi,Cash,10000000.000000,0.000000,,,,
South,Private,C001658,Habib Medical Center-khi,45 Days,1010000.000000,589800.108000,8.0,2162600.124000,1572800.016000,589800.108000
South,Private,C000989,Hamdard University-khi,45 Days,1200000.000000,984099.100000,13.0,3255098.350000,2270999.250000,984099.100000
South,Private,C001598,Harmone Lab Quetta,45 Days,1000000.000000,152402.960000,,,,
South,Private,C001705,Hashim Medical city Hospital-Hyd,45 Days,1500000.000000,0.000000,1.0,198000.000000,198000.000000,0.000000
South,Private,C001328,Hashmani Group of Hospital-khi,45 Days,5000000.000000,396410.498000,13.0,1048697.698000,652287.200000,396410.498000
South,Private,C000542,Hill park General Hospital & Trauma centre,45 Days,1250000.000000,425914.000000,,,,
South,Private,C001042,HOPES(Help of paitent in Exigency by Student),45 Days,1500000.000000,1376778.875000,15.0,5020980.000000,3644201.125000,1376778.875000
South,Private,C000112,HUSSAINI HAEMATOLOGY ONCOLOGY TRUST-Khi,45 Days,200000.000000,20000.000000,,,,
South,Private,C001005,Iftakhar Memorial Hospital -khi,45 Days,700000.000000,474729.500000,9.0,1064973.363000,837893.363000,227080.000000
South,Private,C001509,IMCO Technologist -khi,45 Days,300000.000000,218266.960000,,,,
South,Private,C000964,Indus Diagnostic Centre-Khi,45 Days,400000.000000,0.000000,7.0,302180.000000,302180.000000,0.000000
South,Private,C001667,IRD Pakistan Pvt Ltd -khi,45 Days,2500000.000000,7497.000000,1.0,2474892.000000,2467395.000000,7497.000000
South,Private,C001197,J P Diagnostic -Khairpur Mirus,45 Days,500000.000000,119479.000000,8.0,787290.000000,667811.000000,119479.000000
South,Private,C000129,Jholay Lal Diagnostic - Nawab Shah,45 Days,2000000.000000,768499.000000,,,,
South,Private,C000486,Jholay lal Diagnostic-Equipment,45 Days,3600000.000000,0.000000,,,,
South,Private,C001104,Karachi Diagnostic center,45 Days,500000.000000,226255.000000,5.0,404400.000000,285000.000000,119400.000000
South,Private,C000922,Karachi lab & Ultra Sound center,45 Days,100000.000000,0.000000,,,,
South,Private,C001340,Karachi Labortary Diagnostic Center - KHI,45 Days,500000.000000,0.000000,,,,
South,Private,C000134,Kashif Iqbal Thalasseemia Care Center,45 Days,850000.000000,270560.000000,8.0,1172970.000000,902410.000000,270560.000000
South,Private,C001767,Koohi Goth Hospital Laboratory -khi,45 Days,700000.000000,141811.000000,8.0,543344.000000,401533.000000,141811.000000
South,Private,C001527,Korangi Landhi Medical Center -khi,45 Days,940000.000000,989111.390000,15.0,2728380.400000,1739269.010000,989111.390000
South,Private,C001183,Kutiyana memon Hospital-khi,45 Days,1500000.000000,1387392.649000,24.0,6165000.000000,4132607.351000,2032392.649000
South,Private,C001622,Life line WelfareTrust -Hyd,45 Days,550000.000000,316800.000000,6.0,1309440.000000,992640.000000,316800.000000
South,Private,C001470,Malir Blood Bank-Kh,45 Days,1400000.000000,856480.480000,15.0,4033742.120000,3177261.640000,856480.480000
South,Private,C001789,Mamji Hospital-Khi,45 Days,1000000.000000,0.000000,,,,
South,Private,C000157,Martin Dow Marker Ltd-Khi,45 Days,600000.000000,97279.200000,2.0,106129.200000,8850.000000,97279.200000
South,Private,C000155,MediCentre Hospital - Karachi,45 Days,200000.000000,0.000000,,,,
South,Private,C001734,Medsol International Karachi,45 Days,2000000.000000,50000.000000,2.0,1857330.000000,1807330.000000,50000.000000
South,Private,C001669,Mehran Laboratary -Khairpure,45 Days,100000.000000,43227.200000,4.0,351817.200000,308590.000000,43227.200000
South,Private,C001723,Midciti hospital -khi,45 Days,1000000.000000,287634.720000,7.0,656996.200000,369361.480000,287634.720000
South,Private,C001638,Muhammad Ashraf Kharadar General Hospital-khi,90 Days,3000000.000000,1054699.000000,30.0,8292996.000000,7202860.000000,1090136.000000
South,Private,C000168,National Food - Karachi,45 Days,4000000.000000,952959.000000,6.0,4120000.000000,3167041.000000,952959.000000
South,Private,C001349,National Medical Centre(Pvt) Ltd,45 Days,55000000.000000,31350433.646000,66.0,79539911.856000,48595454.288000,30944457.568000
South,Private,C000176,NIBD (PRIVATE) LIMITED,90 Days,1300000.000000,571200.000000,8.0,1591200.000000,1020000.000000,571200.000000
South,Private,C001745,Nova Care Pvt Ltd-khi,45 Days,600000.000000,148903.700000,8.0,628546.700000,479643.000000,148903.700000
South,Private,C001418,One Health-khi,45 Days,5800000.000000,0.000000,,,,
South,Private,C001511,Pasha OBS/Gynae & General Hospital-Khi,45 Days,1200000.000000,216736.400000,11.0,897688.400000,680952.000000,216736.400000
South,Private,C001677,Patel Hospital -khi,45 Days,3000000.000000,2105753.000000,25.0,5865443.500000,3759690.500000,2105753.000000
South,Private,C001726,Patients Welfare Foundation -khi,45 Days,1200000.000000,450603.920000,11.0,902200.380000,451596.460000,450603.920000
South,Private,C000948,Priya Diagnostic Center-khi,45 Days,550000.000000,483101.000000,7.0,252226.000000,149080.000000,103146.000000
South,Private,C001560,Rahat Medical Complex Hospital-Quetta,45 Days,600000.000000,0.000000,6.0,814758.000000,814758.000000,0.000000
South,Private,C001784,Ranco Pharma-Khi,45 Days,1500000.000000,0.000000,,,,
South,Private,C001737,Rathore Clinic & Meternity home Diabetic Center-khi,45 Days,2500000.000000,809967.600000,14.0,2049584.000000,1239616.400000,809967.600000
South,Private,C001445,Reliance Diagnostic laboratory & clinic,45 Days,400000.000000,160003.726000,6.0,593780.862000,513780.980000,79999.882000
South,Private,C001426,RIMS Trauma Hospital-khi,45 Days,2000000.000000,0.400000,4.0,137870.400000,137870.000000,0.400000
South,Private,C001546,River City Medical Center-Sukkur,45 Days,3500000.000000,50000.000000,,,,
South,Private,C001141,S M Sohail Trust-khi,45 Days,2400000.000000,1161540.000000,32.0,8323620.000000,7078980.000000,1244640.000000
South,Private,C000511,SADA Welfare Foundation,Cash,0.000000,0.000000,,,,
South,Private,C001366,Saleha Medical Center-khi,45 Days,200000.000000,0.000000,,,,
South,Private,C000965,Saylani Blood Bank & Thalassemia center-khi,45 Days,300000.000000,211334.080000,2.0,232800.000000,116400.000000,116400.000000
South,Private,C001275,Shan Foods Pvt.Ltd,45 Days,3000000.000000,11457.400000,7.0,3519666.000000,3519665.600000,0.400000
South,Private,C000225,Sind Lab - Badin,45 Days,1000000.000000,907.460000,10.0,1930465.460000,1929558.000000,907.460000
South,Private,C001580,Sind Lab - Karachi,45 Days,500000.000000,36000.000000,,,,
South,Private,C001120,Sindh lab -Larkana,45 Days,1500000.000000,1041200.000000,,,,
South,Private,C001127,South City Hospital - Karachi,45 Days,5500000.000000,0.000000,,,,
South,Private,C001322,Syed Medical Lab - Sibi,45 Days,500000.000000,100000.000000,,,,
South,Private,C000236,Tabba Heart Institute - KHI,45 Days,3000000.000000,1552633.610000,12.0,4140000.000000,2730000.000000,1410000.000000
South,Private,C001457,Tabba Kidney Institute -khi,45 Days,2000000.000000,282606.200000,20.0,5262363.500000,4979754.500000,282609.000000
South,Private,C000237,Tahir Medical Center - Khi,45 Days,750000.000000,304347.300000,16.0,2036056.600000,1890019.800000,146036.800000
South,Private,C001777,Taj Hematology & Health Care Centre-Khi,45 Days,2000000.000000,-7.000000,1.0,151693.000000,151693.000000,0.000000
South,Private,C000238,Taj Medicose - Khi,45 Days,250000.000000,34008.760000,,,,
South,Private,C000240,Thallssaemia Center & Blood Bank,45 Days,800000.000000,1402198.800000,3.0,921070.000000,0.000000,921070.000000
South,Private,C000242,The Aga khan Hospital and Medical College Foundation,45 Days,250000000.000000,156237168.810000,178.0,395384847.129000,248955621.468000,146429225.661000
South,Private,C000245,The Laboratory - Khi,45 Days,3500000.000000,-73571.220000,8.0,4015438.560000,4015438.560000,0.000000
South,Private,C001106,The Pathologist lab -khi,45 Days,350000.000000,0.000000,,,,
South,Private,C001494,Tripack Films LTD -khi,Cash,0.000000,0.000000,,,,
South,Private,C001483,Zafar Medicare Clinics and Pathological lab-Badin,45 Days,1700000.000000,1396342.000000,9.0,1317092.000000,900550.000000,416542.000000
South,Private,C001395,Zain General Hospital & Maternity home-Karachi,45 Days,1500000.000000,227757.200000,16.0,1538687.200000,1310930.000000,227757.200000
South,Private,C001700,Zainab Panjwani Memorial Hospital,45 Days,1800000.000000,55106.810000,15.0,631415.980000,528312.170000,103103.810000
